platform,income,dues,default_rate,cost_to_income,liquidity_ratio,platform_rating,SIZE,work_hours_per_week,credit_score
Uber,18757.82,5517.86,0.29,0.29,0.72,7.1,16.12,36,515
Ola,36465.8,3315.2,0.4,0.09,0.46,8.57,15.33,32,632
Upwork,29832.08,1152.3,0.06,0.04,0.44,6.03,17.93,33,567
Upwork,3686.63,2444.99,0.29,0.66,0.71,8.08,15.96,46,408
Zomato,15072.6,8039.44,0.43,0.53,0.39,5.81,17.25,35,395
Ola,32107.42,8717.94,0.46,0.27,0.79,7.58,19.52,28,546
Fiverr,26659.31,2160.84,0.08,0.08,0.39,7.66,18.96,35,583
Ola,11432.7,9565.56,0.17,0.84,0.12,8.63,16.91,24,449
Ola,34703.33,7981.53,0.1,0.23,0.71,5.37,21.41,43,561
Ola,15735.19,5130.0,0.41,0.33,0.48,10.0,18.76,32,512
Ola,9068.13,6094.54,0.48,0.67,0.26,9.24,15.97,28,427
Fiverr,45815.17,1138.51,0.19,0.02,0.15,7.89,19.82,37,673
Zomato,28699.47,4476.68,0.45,0.16,0.79,7.52,17.18,37,542
Ola,18571.27,4624.78,0.08,0.25,0.22,6.54,16.49,37,474
Fiverr,27559.76,3236.36,0.09,0.12,0.21,7.51,20.11,37,534
Swiggy,34706.83,6560.5,0.21,0.19,0.2,6.16,15.95,29,581
Upwork,23207.06,267.29,0.38,0.01,0.4,5.06,17.82,35,472
Swiggy,34686.53,4645.45,0.5,0.13,0.27,7.77,16.02,46,567
Swiggy,9831.23,9781.08,0.11,0.99,0.06,8.39,18.49,27,416
Uber,29756.4,8571.77,0.01,0.29,0.2,4.88,16.46,45,547
Ola,52590.21,2264.88,0.2,0.04,0.62,8.46,17.52,60,808
Ola,27842.8,7500.47,0.24,0.27,0.56,6.94,21.27,32,504
Zomato,31650.7,770.64,0.17,0.02,0.43,10.0,15.22,26,591
Zomato,29343.44,3655.41,0.28,0.12,0.35,6.44,20.14,34,547
Swiggy,20847.75,706.61,0.24,0.03,0.27,8.42,17.77,39,534
Uber,18539.5,9805.96,0.02,0.53,0.14,4.72,16.04,41,443
Upwork,41715.62,4346.35,0.35,0.1,0.08,7.18,18.15,43,664
Upwork,32831.91,1420.49,0.25,0.04,0.67,6.51,18.56,34,551
Ola,35116.41,6566.05,0.35,0.19,0.68,6.57,15.23,41,592
Swiggy,29125.47,2853.66,0.09,0.1,0.46,7.56,16.64,33,605
Upwork,37640.98,4572.56,0.04,0.12,0.64,8.0,16.67,18,655
Fiverr,23768.08,3418.34,0.08,0.14,0.79,6.08,21.36,38,542
Ola,18801.95,9119.27,0.02,0.49,0.63,4.27,21.53,29,468
Upwork,20880.92,5858.24,0.08,0.28,0.76,7.47,18.56,32,562
Fiverr,24309.21,2361.63,0.21,0.1,0.24,7.47,20.2,42,570
Ola,17399.93,5694.85,0.22,0.33,0.17,8.67,17.79,20,492
Zomato,18693.09,7087.64,0.38,0.38,0.24,7.4,17.85,36,501
Zomato,25679.48,7908.1,0.33,0.31,0.55,6.5,19.32,37,505
Fiverr,20165.81,6198.82,0.41,0.31,0.28,10.0,17.79,37,524
Swiggy,24496.29,9490.04,0.11,0.39,0.48,7.42,18.43,39,516
Ola,8748.91,6331.04,0.33,0.72,0.69,7.56,21.66,44,414
Uber,30739.59,8109.91,0.05,0.26,0.22,6.62,16.58,36,572
Uber,9345.22,7315.73,0.19,0.78,0.79,4.72,18.01,38,356
Fiverr,30941.69,2831.97,0.19,0.09,0.33,8.18,19.51,36,611
Swiggy,24520.82,2118.1,0.06,0.09,0.13,5.91,19.32,32,553
Fiverr,44523.86,578.36,0.35,0.01,0.11,7.91,17.5,31,722
Ola,17540.18,1788.85,0.02,0.1,0.59,10.0,16.48,17,451
Uber,30201.44,3441.73,0.04,0.11,0.73,4.05,16.92,29,577
Upwork,42059.78,1154.47,0.2,0.03,0.13,8.46,15.75,30,684
Upwork,24330.16,2819.73,0.42,0.12,0.76,8.2,16.11,40,571
Fiverr,34057.84,7145.71,0.27,0.21,0.32,8.94,21.71,56,622
Ola,15909.39,9529.0,0.34,0.6,0.22,9.04,16.51,44,478
Fiverr,17513.09,8047.11,0.21,0.46,0.51,6.76,17.82,39,475
Ola,11703.6,4244.44,0.03,0.36,0.31,6.35,16.88,30,411
Ola,26179.51,8046.81,0.17,0.31,0.2,6.3,21.99,40,542
Fiverr,52926.45,836.41,0.15,0.02,0.67,6.58,20.61,43,727
Swiggy,19533.93,3381.74,0.19,0.17,0.7,7.56,17.49,25,498
Swiggy,31958.99,6879.63,0.42,0.22,0.69,8.74,17.45,58,620
Swiggy,42868.56,8710.8,0.33,0.2,0.18,7.8,20.63,23,586
Zomato,27173.09,5740.17,0.21,0.21,0.64,7.27,18.89,34,523
Upwork,37226.63,4115.6,0.07,0.11,0.26,8.02,15.1,45,684
Fiverr,9325.39,993.1,0.2,0.11,0.53,8.46,16.63,26,420
Upwork,15512.66,3729.49,0.12,0.24,0.45,6.92,19.72,27,450
Upwork,26755.54,6718.82,0.17,0.25,0.63,6.04,19.21,42,530
Fiverr,20183.37,4234.92,0.49,0.21,0.43,5.14,19.26,35,435
Uber,10961.96,2902.22,0.05,0.26,0.35,7.74,21.17,35,475
Swiggy,22418.51,1375.38,0.5,0.06,0.12,7.37,15.77,34,555
Zomato,27107.88,3976.9,0.22,0.15,0.64,7.42,19.29,26,563
Swiggy,34562.76,2264.77,0.3,0.07,0.62,6.81,16.11,45,596
Fiverr,22448.92,2887.05,0.19,0.13,0.45,6.48,21.48,21,519
Swiggy,22563.41,4655.24,0.11,0.21,0.47,5.88,15.39,50,512
Swiggy,2949.7,1111.51,0.09,0.38,0.74,6.58,17.16,35,411
Uber,5879.95,5997.56,0.45,1.02,0.33,8.62,21.74,36,403
Zomato,14531.21,4990.85,0.4,0.34,0.13,6.36,17.59,41,419
Ola,33670.04,3726.26,0.14,0.11,0.16,7.51,18.4,34,558
Upwork,12811.09,6054.68,0.15,0.47,0.67,5.46,20.69,34,399
Swiggy,17628.84,2237.46,0.37,0.13,0.22,4.87,18.34,31,446
Upwork,20972.71,3063.75,0.29,0.15,0.45,5.52,16.65,40,516
Swiggy,21844.92,2298.73,0.37,0.11,0.48,6.45,18.88,38,485
Swiggy,2595.82,282.65,0.29,0.11,0.51,9.48,21.02,38,440
Swiggy,18092.26,2944.81,0.05,0.16,0.06,6.48,20.06,38,488
Upwork,7814.28,9549.55,0.02,1.22,0.49,8.65,15.24,33,400
Upwork,22688.04,1704.05,0.15,0.08,0.8,7.21,17.21,15,463
Ola,38412.99,8971.71,0.36,0.23,0.67,6.0,17.41,48,598
Fiverr,21908.26,2376.41,0.03,0.11,0.19,7.4,20.56,48,584
Zomato,13149.64,117.58,0.04,0.01,0.06,9.22,18.97,34,455
Uber,11688.87,461.76,0.15,0.04,0.52,5.96,21.56,48,412
Fiverr,20479.5,3816.0,0.12,0.19,0.69,4.98,21.04,27,526
Zomato,9955.41,3664.31,0.25,0.37,0.74,5.54,16.47,34,408
Zomato,26843.33,6442.36,0.06,0.24,0.76,7.81,16.24,52,566
Fiverr,4249.46,9983.05,0.43,2.35,0.26,7.77,19.7,27,343
Ola,22461.47,7487.1,0.24,0.33,0.74,7.93,17.98,39,527
Ola,30868.38,9423.03,0.49,0.31,0.65,7.19,18.25,60,546
Uber,20405.47,4154.02,0.08,0.2,0.4,9.83,20.99,41,535
Fiverr,27593.71,9330.5,0.37,0.34,0.18,4.12,15.43,18,475
Uber,17708.01,8116.4,0.46,0.46,0.11,9.73,21.61,27,469
Fiverr,38991.79,7754.64,0.0,0.2,0.68,6.25,21.52,23,630
Uber,19836.3,4101.1,0.01,0.21,0.36,4.59,16.72,36,466
Zomato,24150.13,8840.67,0.04,0.37,0.79,4.94,19.62,18,485
Fiverr,27999.93,8377.48,0.02,0.3,0.58,6.34,21.71,42,584
Swiggy,40516.27,3597.2,0.04,0.09,0.35,7.24,20.48,17,644
Ola,17381.4,4039.88,0.13,0.23,0.46,7.11,20.97,32,497
Uber,29424.37,2898.47,0.1,0.1,0.38,4.17,19.95,38,513
Upwork,14248.59,8704.5,0.3,0.61,0.35,5.79,20.03,32,434
Zomato,13313.24,2218.84,0.1,0.17,0.67,6.31,15.82,27,439
Uber,16216.35,116.81,0.22,0.01,0.73,6.56,17.0,34,499
Upwork,49849.46,3807.16,0.25,0.08,0.45,4.86,18.97,50,681
Zomato,17419.6,497.97,0.09,0.03,0.71,8.28,16.69,44,487
Upwork,29259.38,4966.23,0.14,0.17,0.2,4.57,21.56,27,528
Upwork,18717.43,4507.5,0.27,0.24,0.76,7.58,19.87,42,492
Ola,6525.24,9250.73,0.27,1.42,0.6,8.34,20.9,30,349
Swiggy,35573.55,4052.08,0.05,0.11,0.46,6.04,19.83,46,655
Fiverr,21672.65,4091.5,0.0,0.19,0.19,8.89,21.11,16,501
Zomato,3639.82,821.15,0.01,0.23,0.09,6.54,15.36,48,431
Upwork,33599.29,4451.48,0.25,0.13,0.52,6.09,19.67,16,580
Fiverr,34661.15,7977.95,0.33,0.23,0.76,8.22,18.21,18,601
Fiverr,8485.56,7110.71,0.01,0.84,0.19,10.0,20.01,29,441
Zomato,7078.54,6786.38,0.05,0.96,0.65,4.62,19.76,50,382
Fiverr,19796.38,6338.19,0.12,0.32,0.08,7.25,16.96,21,471
Upwork,14402.29,9081.11,0.09,0.63,0.56,7.83,20.06,31,458
Upwork,28226.88,6684.68,0.28,0.24,0.53,7.5,15.12,46,604
Fiverr,16483.86,6421.47,0.4,0.39,0.72,7.98,20.7,34,433
Uber,30164.15,2006.0,0.01,0.07,0.61,6.05,20.26,31,572
Ola,26055.8,2740.02,0.02,0.11,0.51,7.61,17.69,32,558
Upwork,30276.12,8550.23,0.12,0.28,0.18,7.42,21.32,17,572
Fiverr,28630.29,776.49,0.03,0.03,0.27,7.94,21.88,40,579
Swiggy,27588.3,5939.71,0.31,0.22,0.24,8.7,20.31,31,539
Zomato,38132.89,249.44,0.21,0.01,0.35,6.22,17.1,23,640
Zomato,44607.08,5356.19,0.2,0.12,0.35,6.15,21.22,50,680
Ola,47685.52,8463.07,0.38,0.18,0.79,5.89,17.23,54,689
Upwork,22722.38,3011.67,0.23,0.13,0.61,9.53,16.14,47,544
Upwork,26991.13,8620.63,0.19,0.32,0.77,5.95,16.03,51,515
Fiverr,24672.58,9379.43,0.29,0.38,0.23,6.19,16.99,33,460
Ola,15473.98,7506.52,0.04,0.49,0.7,7.64,18.37,22,445
Fiverr,12127.04,2274.4,0.37,0.19,0.26,6.48,18.04,51,488
Ola,19620.27,8685.95,0.21,0.44,0.12,5.69,15.77,23,459
Fiverr,31666.64,5115.88,0.31,0.16,0.27,9.36,21.31,29,569
Zomato,24499.25,1623.19,0.31,0.07,0.65,10.0,18.7,25,554
Upwork,30424.18,393.82,0.09,0.01,0.43,7.2,19.11,29,558
Upwork,41360.22,8502.38,0.24,0.21,0.05,9.36,17.42,45,631
Ola,22693.97,6570.25,0.0,0.29,0.65,7.94,19.35,33,518
Zomato,27005.63,631.34,0.12,0.02,0.3,5.29,21.9,27,534
Uber,19209.74,6122.93,0.16,0.32,0.15,6.72,16.27,40,450
Zomato,19054.13,4045.35,0.12,0.21,0.42,5.94,18.14,21,491
Zomato,16790.92,7493.49,0.39,0.45,0.65,8.71,15.92,29,442
Fiverr,33318.39,9873.9,0.16,0.3,0.26,6.51,19.66,40,576
Uber,28004.1,6367.55,0.28,0.23,0.07,6.92,16.84,40,523
Swiggy,29858.99,1884.6,0.01,0.06,0.31,5.24,19.34,35,592
Upwork,22447.29,8113.46,0.16,0.36,0.06,5.84,16.8,32,536
Upwork,21913.57,2603.96,0.2,0.12,0.68,8.79,18.64,47,484
Upwork,15309.88,1164.87,0.23,0.08,0.52,8.06,15.11,31,480
Swiggy,12025.09,8916.55,0.09,0.74,0.42,4.53,21.03,42,467
Ola,20633.11,9749.69,0.11,0.47,0.48,6.58,18.02,40,486
Ola,34526.21,3163.82,0.22,0.09,0.7,7.63,16.68,35,625
Uber,28760.05,2108.33,0.23,0.07,0.67,8.28,17.26,39,616
Upwork,14937.57,2703.67,0.3,0.18,0.37,5.46,21.34,20,402
Uber,20080.47,995.02,0.45,0.05,0.41,6.55,17.09,31,468
Swiggy,20055.67,7386.24,0.47,0.37,0.3,7.96,17.1,27,476
Uber,14986.88,3804.76,0.49,0.25,0.48,8.54,18.18,24,462
Ola,20819.56,3070.11,0.34,0.15,0.56,7.26,18.9,38,467
Upwork,44669.89,1548.39,0.04,0.03,0.32,8.19,18.15,30,731
Fiverr,25795.93,6293.28,0.39,0.24,0.58,7.88,16.08,37,521
Ola,21917.82,3996.8,0.46,0.18,0.57,8.4,18.88,35,479
Upwork,25716.09,1272.29,0.25,0.05,0.2,8.27,18.19,30,538
Zomato,30227.17,9921.95,0.23,0.33,0.36,6.81,16.84,33,532
Upwork,13176.34,3314.69,0.12,0.25,0.7,7.31,16.28,50,442
Swiggy,18618.37,4812.45,0.28,0.26,0.72,5.93,15.7,31,409
Upwork,27450.73,7180.67,0.08,0.26,0.79,7.89,21.87,26,551
Ola,8701.64,5132.9,0.11,0.59,0.54,6.86,15.46,40,425
Ola,21682.68,303.75,0.2,0.01,0.26,6.31,19.27,41,556
Zomato,26100.58,7104.79,0.21,0.27,0.36,9.48,16.46,42,573
Upwork,33797.35,4785.24,0.08,0.14,0.57,6.26,18.57,36,553
Fiverr,30802.64,4547.72,0.28,0.15,0.44,6.37,15.25,31,545
Fiverr,38945.48,9294.95,0.29,0.24,0.39,7.36,16.19,44,658
Zomato,35750.68,1040.47,0.38,0.03,0.51,8.27,17.03,47,665
Uber,21266.57,5194.92,0.45,0.24,0.43,4.85,15.31,27,463
Uber,18483.14,8744.57,0.23,0.47,0.09,7.93,19.3,38,524
Ola,41420.78,2393.82,0.08,0.06,0.67,6.57,20.79,31,647
Uber,20247.7,309.75,0.39,0.02,0.18,5.55,15.41,42,476
Fiverr,30978.08,4363.15,0.09,0.14,0.4,5.61,16.76,23,572
Swiggy,26454.92,2356.67,0.16,0.09,0.72,7.71,19.2,33,558
Zomato,32330.29,6024.61,0.48,0.19,0.68,6.81,19.8,34,514
Uber,22914.61,6454.23,0.23,0.28,0.19,5.46,16.42,39,514
Swiggy,34071.56,6077.94,0.49,0.18,0.39,8.26,20.39,52,665
Ola,26915.64,3978.64,0.17,0.15,0.61,5.98,17.83,40,508
Uber,40631.66,3515.5,0.12,0.09,0.3,8.45,16.7,41,668
Upwork,9143.83,8215.27,0.41,0.9,0.43,6.3,19.83,42,364
Upwork,33165.32,2131.82,0.26,0.06,0.65,5.76,17.34,33,581
Upwork,12955.67,8037.38,0.44,0.62,0.14,7.65,16.44,45,395
Uber,16236.59,6437.66,0.36,0.4,0.19,4.92,20.45,11,437
Zomato,18480.94,6003.33,0.38,0.32,0.44,9.09,20.73,54,507
Uber,26487.09,846.43,0.32,0.03,0.46,4.55,21.65,39,527
Zomato,22699.47,9654.88,0.16,0.43,0.65,6.63,15.76,32,537
Uber,27658.24,1186.09,0.46,0.04,0.14,7.45,19.79,22,516
Swiggy,31440.58,7680.54,0.28,0.24,0.32,8.1,16.99,16,540
Ola,17534.52,8711.87,0.1,0.5,0.11,6.24,18.96,48,468
Fiverr,15568.88,4327.62,0.2,0.28,0.48,8.33,15.51,19,474
Uber,34312.51,5242.23,0.11,0.15,0.74,4.72,15.21,49,590
Uber,8319.42,7458.12,0.22,0.9,0.73,6.41,20.66,40,390
Ola,21938.77,3615.02,0.11,0.16,0.53,4.87,20.26,45,498
Swiggy,19555.27,4067.26,0.45,0.21,0.39,7.47,18.5,52,453
Upwork,22783.12,5994.48,0.4,0.26,0.57,5.27,20.22,24,447
Ola,12312.74,3798.91,0.06,0.31,0.12,6.04,20.53,31,435
Fiverr,19114.63,5677.03,0.2,0.3,0.2,7.66,18.32,37,489
Uber,12772.34,9905.36,0.19,0.78,0.5,8.61,16.26,30,417
Zomato,18790.61,4778.57,0.16,0.25,0.24,6.64,19.06,18,484
Swiggy,22660.9,4591.33,0.42,0.2,0.51,8.03,21.78,35,541
Zomato,21723.02,678.93,0.15,0.03,0.67,6.38,17.4,18,467
Swiggy,47767.41,7997.28,0.26,0.17,0.34,5.49,16.05,41,696
Fiverr,31332.06,2194.13,0.33,0.07,0.65,8.06,17.83,22,577
Uber,22998.15,4700.14,0.03,0.2,0.78,6.79,17.49,51,590
Uber,21687.32,5826.45,0.09,0.27,0.72,7.63,15.95,36,529
Ola,30588.81,4673.28,0.04,0.15,0.21,6.22,17.01,33,567
Uber,13844.56,6819.22,0.06,0.49,0.32,6.5,21.97,39,445
Swiggy,33188.04,1696.89,0.12,0.05,0.44,7.18,19.49,42,610
Ola,20144.16,269.25,0.37,0.01,0.24,7.81,17.0,36,492
Upwork,26799.03,6022.78,0.15,0.22,0.18,6.69,20.55,46,546
Ola,40851.59,7407.74,0.21,0.18,0.15,7.71,17.95,42,630
Ola,37246.83,1755.46,0.48,0.05,0.51,9.32,19.18,29,601
Uber,11076.13,9998.74,0.21,0.9,0.56,7.25,20.41,19,420
Fiverr,39317.34,7745.54,0.06,0.2,0.69,7.56,18.81,30,660
Swiggy,26937.07,6404.85,0.26,0.24,0.49,5.95,19.94,37,503
Uber,32652.3,247.62,0.35,0.01,0.52,6.76,20.76,18,556
Zomato,38451.13,2846.09,0.43,0.07,0.62,5.94,15.75,23,542
Zomato,20844.71,1350.37,0.11,0.06,0.34,10.0,16.28,38,537
Zomato,29571.23,4313.9,0.12,0.15,0.16,7.63,17.08,38,591
Ola,30138.0,4282.23,0.18,0.14,0.39,7.23,21.7,41,511
Upwork,23573.29,5887.47,0.28,0.25,0.37,6.37,17.56,30,454
Fiverr,29919.41,3570.17,0.46,0.12,0.21,6.96,18.72,20,494
Zomato,30092.33,40.9,0.07,0.0,0.61,8.1,16.77,45,563
Ola,21483.68,8945.55,0.24,0.42,0.28,5.78,17.49,36,492
Swiggy,24746.91,4759.65,0.05,0.19,0.45,8.8,18.04,28,551
Fiverr,38162.25,2931.84,0.23,0.08,0.26,5.52,20.01,29,607
Upwork,35875.46,7657.55,0.32,0.21,0.24,6.37,17.04,48,576
Uber,19850.16,1504.89,0.12,0.08,0.69,6.85,19.35,31,523
Ola,20979.36,8100.77,0.28,0.39,0.67,8.93,21.01,49,547
Ola,9097.65,6798.8,0.38,0.75,0.75,6.99,21.31,43,420
Ola,18145.08,9792.33,0.11,0.54,0.79,5.93,20.48,38,466
Upwork,8694.97,8418.72,0.15,0.97,0.19,6.54,21.5,29,414
Swiggy,19359.69,5006.1,0.23,0.26,0.08,7.04,15.43,45,527
Uber,25904.53,6725.79,0.17,0.26,0.44,7.36,20.77,24,566
Zomato,36539.64,1728.02,0.15,0.05,0.58,7.14,18.59,46,600
Fiverr,8238.14,7794.46,0.04,0.95,0.55,5.18,21.52,33,350
Swiggy,25374.44,8168.59,0.47,0.32,0.73,5.88,18.63,22,515
Upwork,7873.57,9280.33,0.23,1.18,0.35,7.87,18.57,37,433
Fiverr,3276.24,1589.21,0.37,0.49,0.76,3.71,16.18,32,345
Uber,30499.18,3943.16,0.2,0.13,0.35,5.91,19.99,22,545
Zomato,27368.68,861.14,0.36,0.03,0.66,6.57,17.36,39,516
Ola,27623.79,1479.38,0.14,0.05,0.14,7.19,17.09,38,570
Fiverr,15728.33,6042.27,0.46,0.38,0.3,6.69,19.71,38,430
Upwork,39008.89,3280.82,0.41,0.08,0.47,7.56,15.72,24,612
Fiverr,18251.2,2838.95,0.05,0.16,0.54,6.65,17.38,25,485
Upwork,38013.89,6849.82,0.03,0.18,0.75,7.44,19.98,37,623
Swiggy,31671.49,4531.87,0.33,0.14,0.52,4.42,19.51,31,534
Fiverr,11774.16,5657.86,0.42,0.48,0.15,7.02,18.25,33,461
Swiggy,26805.85,9069.73,0.41,0.34,0.2,8.47,16.87,34,558
Upwork,17205.36,9266.93,0.34,0.54,0.79,8.7,17.31,47,514
Upwork,32200.54,8865.89,0.36,0.28,0.26,8.75,17.82,35,596
Fiverr,19838.76,3700.6,0.21,0.19,0.43,4.12,21.62,40,504
Zomato,19947.84,588.11,0.18,0.03,0.42,6.5,18.8,20,511
Ola,23843.1,7938.02,0.21,0.33,0.58,5.87,19.89,33,491
Swiggy,17849.49,1024.58,0.18,0.06,0.54,8.65,19.59,52,521
Upwork,33732.32,5459.7,0.37,0.16,0.72,9.27,19.0,26,666
Uber,18109.23,8905.04,0.11,0.49,0.16,6.21,15.26,32,471
Zomato,44363.48,9823.14,0.46,0.22,0.31,5.92,21.37,32,604
Ola,22033.85,9602.17,0.25,0.44,0.29,6.69,18.01,40,514
Ola,26379.39,5672.62,0.28,0.22,0.63,6.77,17.7,53,538
Upwork,24970.37,7144.51,0.06,0.29,0.52,8.5,19.73,19,556
Upwork,30740.67,5422.11,0.34,0.18,0.1,8.8,17.89,41,574
Ola,20431.35,8899.3,0.32,0.44,0.52,5.27,16.24,23,463
Zomato,27814.24,3098.41,0.32,0.11,0.17,9.26,17.43,40,562
Uber,24629.69,6158.87,0.17,0.25,0.49,7.35,21.92,33,521
Fiverr,20995.7,4719.13,0.45,0.22,0.09,7.17,18.1,35,439
Fiverr,46379.95,9.83,0.41,0.0,0.41,8.11,18.61,32,688
Fiverr,16510.72,5356.15,0.36,0.32,0.51,8.54,21.76,49,487
Fiverr,11693.28,9348.32,0.43,0.8,0.16,5.69,18.96,50,418
Ola,47395.37,6933.73,0.31,0.15,0.27,6.56,19.82,30,675
Ola,26670.95,1379.28,0.01,0.05,0.73,8.21,21.77,32,593
Ola,21848.29,1467.24,0.11,0.07,0.71,6.87,20.84,25,517
Uber,12788.82,5382.17,0.15,0.42,0.32,8.53,15.34,45,419
Ola,18259.93,5208.95,0.49,0.29,0.64,5.11,19.81,28,431
Ola,21153.99,8817.79,0.38,0.42,0.33,7.78,19.95,32,469
Upwork,26369.9,6121.02,0.45,0.23,0.54,6.0,18.19,31,503
Swiggy,33538.31,8125.73,0.23,0.24,0.64,6.89,18.11,48,625
Swiggy,25896.48,5561.19,0.48,0.21,0.56,6.75,21.18,23,503
Upwork,2678.7,1387.82,0.26,0.52,0.31,4.8,16.5,21,309
Uber,23790.54,9441.2,0.05,0.4,0.56,6.26,20.59,25,460
Zomato,20515.25,2561.57,0.28,0.12,0.72,5.99,17.97,35,472
Fiverr,37640.42,6404.84,0.32,0.17,0.35,6.02,16.51,37,562
Ola,27091.19,2966.88,0.14,0.11,0.61,6.08,19.87,40,505
Zomato,27874.46,6452.72,0.25,0.23,0.66,8.02,21.82,27,552
Ola,20040.62,5163.19,0.42,0.26,0.12,9.11,15.15,28,507
Ola,12423.31,4834.85,0.48,0.39,0.24,4.64,18.67,36,401
Swiggy,20303.16,1551.37,0.44,0.08,0.55,7.69,18.97,41,530
Uber,27793.88,8473.71,0.15,0.3,0.6,7.85,18.98,40,536
Ola,14790.73,7573.59,0.37,0.51,0.52,8.03,15.45,28,455
Zomato,34435.09,2293.49,0.24,0.07,0.63,8.76,18.88,44,610
Ola,14937.94,9198.53,0.12,0.62,0.49,6.39,18.02,23,447
Upwork,36299.54,9152.51,0.3,0.25,0.09,7.2,17.62,35,604
Zomato,12685.17,3337.27,0.1,0.26,0.67,9.28,16.42,31,513
Swiggy,15662.61,3107.2,0.32,0.2,0.37,4.82,18.37,42,443
Swiggy,40782.65,7478.27,0.47,0.18,0.09,6.35,19.9,36,643
Upwork,21978.89,5754.33,0.41,0.26,0.13,8.43,16.71,41,507
Uber,19363.42,3831.6,0.42,0.2,0.35,7.8,19.22,34,452
Upwork,49443.89,9522.48,0.27,0.19,0.44,8.03,18.49,37,665
Ola,27410.3,163.67,0.39,0.01,0.75,5.49,16.08,23,521
Upwork,12714.68,7744.57,0.04,0.61,0.32,6.31,16.53,39,442
Fiverr,13999.48,5279.76,0.26,0.38,0.75,6.83,21.25,17,427
Swiggy,34186.09,8453.72,0.25,0.25,0.09,5.74,15.5,46,550
Uber,28352.78,2916.91,0.5,0.1,0.66,3.64,15.18,33,548
Swiggy,38774.43,6999.94,0.41,0.18,0.06,8.77,16.74,22,612
Ola,34964.3,3350.13,0.01,0.1,0.52,4.17,17.14,42,606
Ola,15863.24,3641.31,0.36,0.23,0.09,6.18,20.3,42,414
Swiggy,18844.49,4632.13,0.41,0.25,0.34,6.59,19.69,22,482
Swiggy,25608.04,5214.62,0.46,0.2,0.32,6.93,20.32,36,540
Fiverr,29418.43,5487.65,0.0,0.19,0.41,10.0,20.65,36,583
Fiverr,26947.18,5167.33,0.2,0.19,0.55,8.5,18.68,29,561
Zomato,16469.09,8025.91,0.21,0.49,0.34,8.5,19.89,39,497
Upwork,39521.23,4326.93,0.11,0.11,0.26,7.9,19.14,18,594
Upwork,9354.66,1827.48,0.26,0.2,0.47,5.9,20.59,30,422
Fiverr,27920.38,6314.72,0.35,0.23,0.55,4.76,20.36,33,502
Swiggy,17432.86,2563.38,0.31,0.15,0.68,6.16,18.11,45,515
Ola,20299.29,480.42,0.26,0.02,0.2,5.5,15.29,32,499
Fiverr,24427.69,116.36,0.1,0.0,0.56,7.61,15.14,46,541
Upwork,29049.92,6236.06,0.11,0.21,0.43,9.27,16.01,34,593
Fiverr,14898.93,2104.09,0.09,0.14,0.32,5.75,20.59,40,478
Upwork,26028.35,3706.53,0.4,0.14,0.52,4.72,19.03,29,482
Ola,6974.28,8210.59,0.36,1.18,0.76,6.03,21.74,28,352
Fiverr,29740.75,1763.0,0.02,0.06,0.05,6.53,20.32,42,629
Zomato,24184.78,2721.68,0.29,0.11,0.11,7.02,17.07,36,523
Uber,30187.84,1118.37,0.1,0.04,0.34,5.5,18.36,46,592
Swiggy,24520.66,687.52,0.02,0.03,0.65,5.69,16.24,48,572
Zomato,24362.71,7190.92,0.03,0.3,0.18,5.37,17.41,30,528
Fiverr,27040.47,8942.54,0.02,0.33,0.7,6.51,16.5,31,541
Zomato,24830.5,6317.14,0.36,0.25,0.12,5.91,18.04,41,485
Zomato,42794.54,9057.68,0.42,0.21,0.41,6.91,20.2,57,657
Swiggy,24606.92,3353.61,0.01,0.14,0.52,9.25,20.92,42,584
Swiggy,27314.86,852.37,0.47,0.03,0.22,8.42,21.3,33,527
Upwork,14147.7,5553.61,0.4,0.39,0.43,6.26,18.27,39,435
Upwork,16578.38,8079.88,0.07,0.49,0.73,8.34,16.79,45,511
Zomato,17193.62,9210.73,0.12,0.54,0.62,8.1,19.67,37,436
Upwork,36829.91,2068.74,0.16,0.06,0.4,5.8,18.33,28,618
Swiggy,17652.71,2447.57,0.15,0.14,0.32,9.37,15.09,32,551
Fiverr,19908.26,6279.02,0.24,0.32,0.58,6.28,19.29,29,483
Uber,4350.29,4199.03,0.22,0.97,0.79,3.93,20.89,13,339
Upwork,37656.05,8600.8,0.33,0.23,0.49,8.41,19.28,47,617
Ola,32140.11,9313.5,0.15,0.29,0.35,8.3,16.97,26,581
Swiggy,25466.34,2990.85,0.48,0.12,0.67,9.55,16.05,29,558
Ola,25971.88,5222.08,0.33,0.2,0.29,9.24,21.93,31,522
Swiggy,17327.57,3839.4,0.29,0.22,0.63,6.11,18.4,45,462
Zomato,19176.49,1584.32,0.02,0.08,0.18,5.04,20.91,27,478
Uber,42609.15,6688.47,0.48,0.16,0.56,6.74,18.23,39,600
Swiggy,33392.0,7883.04,0.36,0.24,0.26,10.0,20.76,32,600
Upwork,6792.8,3774.95,0.39,0.56,0.25,8.76,15.14,38,433
Uber,9043.52,5696.36,0.39,0.63,0.56,5.71,15.25,48,380
Ola,17690.37,6518.82,0.12,0.37,0.15,6.25,15.97,16,464
Fiverr,5645.7,1953.34,0.07,0.35,0.72,5.91,20.15,25,373
Zomato,44909.94,6499.09,0.19,0.14,0.09,8.2,17.68,44,682
Zomato,31365.87,1999.66,0.12,0.06,0.46,7.91,20.29,40,578
Zomato,48756.57,437.79,0.4,0.01,0.39,7.37,15.0,28,672
Zomato,14219.36,3405.58,0.02,0.24,0.47,8.18,18.65,47,536
Upwork,17430.74,1737.04,0.36,0.1,0.37,7.05,18.23,30,493
Swiggy,36152.14,1541.76,0.27,0.04,0.49,4.03,17.06,29,573
Swiggy,17818.47,9404.88,0.39,0.53,0.33,3.14,18.05,40,432
Uber,27069.31,7995.49,0.46,0.3,0.08,3.85,18.72,24,471
Zomato,10728.07,7175.37,0.04,0.67,0.11,4.4,19.61,28,391
Ola,12573.13,4546.87,0.04,0.36,0.7,10.0,18.4,26,475
Fiverr,24667.61,4083.28,0.45,0.17,0.72,5.66,19.07,19,474
Ola,8970.89,1777.96,0.12,0.2,0.51,7.44,18.73,49,459
Upwork,34549.83,6899.67,0.44,0.2,0.5,7.01,15.22,22,549
Zomato,40367.29,3736.39,0.19,0.09,0.31,7.0,18.22,33,643
Fiverr,36178.11,4824.15,0.36,0.13,0.45,7.05,21.51,36,619
Zomato,22141.22,4589.05,0.01,0.21,0.75,6.38,20.9,45,564
Uber,20949.39,3513.75,0.02,0.17,0.25,7.86,20.03,37,531
Fiverr,30244.17,5005.64,0.19,0.17,0.72,6.11,18.79,36,569
Swiggy,34770.14,1475.28,0.14,0.04,0.56,7.33,15.75,38,573
Ola,18651.47,2087.54,0.37,0.11,0.08,7.47,21.72,48,535
Upwork,20746.73,5172.44,0.48,0.25,0.27,7.1,16.9,28,481
Zomato,14827.86,4075.02,0.27,0.27,0.12,4.77,18.01,24,412
Zomato,33932.49,4421.46,0.0,0.13,0.14,7.56,21.0,37,609
Uber,19207.21,1741.31,0.5,0.09,0.39,6.43,17.2,31,434
Ola,29383.39,1136.43,0.28,0.04,0.28,8.2,20.82,19,541
Upwork,46070.7,1453.57,0.28,0.03,0.72,7.39,15.61,42,716
Fiverr,13750.82,6610.03,0.04,0.48,0.28,6.61,16.48,39,427
Uber,8068.32,5090.89,0.15,0.63,0.79,4.29,20.8,37,393
Zomato,21205.05,2540.28,0.37,0.12,0.75,8.88,18.35,40,524
Ola,8587.95,1547.05,0.27,0.18,0.26,5.53,15.39,34,430
Upwork,10725.68,547.15,0.27,0.05,0.42,6.11,19.79,28,448
Ola,23345.0,3639.79,0.08,0.16,0.35,6.93,21.12,36,526
Zomato,31061.32,1359.01,0.38,0.04,0.4,6.04,20.51,39,550
Fiverr,28413.48,6372.82,0.19,0.22,0.52,7.13,20.73,34,545
Ola,8823.96,5016.18,0.03,0.57,0.61,6.89,15.35,31,419
Fiverr,31606.71,9946.69,0.26,0.31,0.55,7.46,18.63,13,548
Fiverr,13251.95,5971.24,0.46,0.45,0.06,9.44,20.73,30,456
Ola,18255.11,448.7,0.06,0.02,0.61,4.61,19.39,41,504
Swiggy,29487.45,3588.22,0.45,0.12,0.42,7.43,16.24,10,555
Fiverr,37813.79,3002.28,0.04,0.08,0.37,6.94,20.78,24,653
Zomato,15503.75,4741.59,0.02,0.31,0.47,7.56,16.55,31,428
Zomato,48997.38,4965.17,0.2,0.1,0.07,5.71,20.45,45,694
Ola,30377.58,3557.28,0.42,0.12,0.23,9.46,19.7,35,542
Ola,18219.6,6707.57,0.09,0.37,0.08,8.4,18.66,51,512
Swiggy,27630.39,8155.61,0.36,0.3,0.25,7.28,20.35,42,532
Upwork,27486.83,1869.49,0.39,0.07,0.33,8.58,15.49,19,511
Uber,28513.79,9427.59,0.31,0.33,0.31,7.85,19.81,45,564
Zomato,19120.37,7143.59,0.38,0.37,0.8,7.22,19.65,33,415
Ola,34048.63,8503.66,0.34,0.25,0.4,8.69,18.24,35,580
Swiggy,22839.28,1970.77,0.36,0.09,0.17,9.78,21.21,38,539
Zomato,25665.1,8700.3,0.04,0.34,0.28,5.29,20.02,39,517
Upwork,39320.87,509.43,0.26,0.01,0.68,5.88,15.9,33,636
Uber,17624.47,6642.12,0.05,0.38,0.4,9.72,21.42,21,466
Swiggy,14743.52,8080.5,0.13,0.55,0.75,6.7,20.86,36,489
Fiverr,24807.31,1313.19,0.32,0.05,0.37,6.03,19.4,43,541
Upwork,32077.3,6102.01,0.36,0.19,0.31,7.49,17.39,31,581
Uber,29533.96,7654.88,0.28,0.26,0.51,3.96,18.86,38,542
Zomato,24554.16,1699.64,0.5,0.07,0.25,7.33,16.98,52,556
Zomato,21800.35,767.86,0.11,0.04,0.3,10.0,17.85,46,555
Swiggy,21691.27,5612.88,0.24,0.26,0.39,7.52,20.33,46,528
Ola,38839.34,977.2,0.4,0.03,0.1,4.23,20.58,30,586
Uber,15135.84,557.27,0.4,0.04,0.8,6.84,20.33,40,462
Swiggy,14441.69,2235.81,0.4,0.15,0.3,8.0,17.63,23,438
Fiverr,26123.46,5707.01,0.43,0.22,0.7,8.8,20.35,41,567
Swiggy,23172.85,7824.16,0.04,0.34,0.65,10.0,15.09,41,566
Uber,11254.74,3145.7,0.09,0.28,0.76,7.19,18.81,46,465
Ola,29877.1,9269.37,0.48,0.31,0.62,7.56,16.82,22,526
Zomato,30264.96,6913.03,0.06,0.23,0.39,6.87,18.33,44,616
Upwork,15317.28,918.01,0.25,0.06,0.06,8.82,17.21,26,408
Upwork,17244.24,5764.91,0.37,0.33,0.71,7.65,16.77,28,446
Zomato,36314.49,4396.72,0.35,0.12,0.44,5.33,20.81,40,609
Upwork,36129.7,8308.7,0.48,0.23,0.67,5.91,18.0,37,549
Zomato,27244.31,2946.49,0.33,0.11,0.46,7.55,19.38,21,513
Zomato,13464.38,7898.15,0.17,0.59,0.65,5.36,21.77,26,426
Uber,32568.36,2935.36,0.23,0.09,0.56,9.47,21.73,30,625
Fiverr,22943.67,5005.77,0.06,0.22,0.57,8.44,15.95,35,499
Swiggy,9391.8,7982.56,0.07,0.85,0.29,7.09,15.84,19,395
Upwork,13174.2,814.77,0.35,0.06,0.08,5.9,16.38,38,383
Swiggy,7844.67,67.82,0.43,0.01,0.5,7.05,18.32,40,395
Fiverr,7215.07,3020.84,0.16,0.42,0.24,3.94,19.84,25,367
Uber,13379.17,552.68,0.33,0.04,0.15,7.12,21.14,32,476
Ola,19838.63,2497.89,0.02,0.13,0.42,5.25,20.54,34,481
Fiverr,23487.89,8856.02,0.27,0.38,0.16,6.03,15.75,30,468
Zomato,26207.59,8636.55,0.02,0.33,0.29,7.46,19.05,46,588
Swiggy,14276.15,2549.06,0.02,0.18,0.57,7.93,19.22,22,458
Fiverr,34952.76,6261.65,0.35,0.18,0.29,5.45,15.25,31,521
Swiggy,24145.6,2220.12,0.42,0.09,0.16,10.0,18.04,49,562
Zomato,25469.9,9019.14,0.27,0.35,0.2,8.39,15.45,15,506
Swiggy,19597.03,1376.01,0.14,0.07,0.23,4.88,18.89,40,504
Uber,16094.31,7808.04,0.08,0.49,0.43,8.42,17.2,32,457
Uber,28977.15,790.71,0.37,0.03,0.59,5.1,21.13,37,542
Upwork,36630.36,3226.55,0.48,0.09,0.07,8.64,20.61,34,592
Fiverr,13105.63,1549.68,0.03,0.12,0.67,7.94,20.05,43,459
Ola,38225.59,2125.65,0.26,0.06,0.58,6.26,15.42,21,588
Fiverr,40999.15,5564.48,0.07,0.14,0.58,9.28,20.01,13,654
Swiggy,27732.7,3196.3,0.08,0.12,0.72,6.81,20.74,45,551
Zomato,27069.59,584.06,0.37,0.02,0.41,7.12,21.04,32,543
Zomato,40439.59,731.36,0.35,0.02,0.57,8.4,19.96,35,679
Upwork,13087.39,9566.92,0.08,0.73,0.44,7.8,16.16,32,476
Upwork,28618.91,2288.13,0.27,0.08,0.29,7.48,17.86,40,583
Fiverr,24768.96,9580.14,0.06,0.39,0.36,7.23,20.5,33,526
Fiverr,35980.14,2387.31,0.2,0.07,0.23,4.39,20.27,30,621
Ola,16953.21,4874.78,0.16,0.29,0.71,6.89,20.76,31,518
Swiggy,49489.92,9808.28,0.24,0.2,0.26,7.03,17.92,26,664
Ola,35204.59,392.3,0.39,0.01,0.22,5.69,18.5,46,609
Ola,35660.3,1100.72,0.44,0.03,0.74,5.17,18.01,44,590
Upwork,40064.5,6859.29,0.32,0.17,0.25,6.79,18.77,37,664
Zomato,31145.51,9543.93,0.43,0.31,0.3,7.59,20.25,53,580
Swiggy,30516.32,4136.75,0.37,0.14,0.51,6.68,16.66,44,583
Swiggy,27494.03,6886.71,0.09,0.25,0.53,7.04,20.76,38,545
Fiverr,22719.52,966.36,0.38,0.04,0.43,7.44,15.53,31,535
Swiggy,30120.62,4990.74,0.4,0.17,0.25,6.09,18.42,30,562
Fiverr,13631.93,5728.44,0.45,0.42,0.45,5.16,20.98,48,464
Ola,28295.18,1108.79,0.17,0.04,0.08,4.75,19.04,38,536
Swiggy,17138.83,5060.08,0.07,0.3,0.31,4.96,15.4,32,447
Zomato,32858.38,8184.03,0.14,0.25,0.48,6.42,17.93,42,563
Upwork,43766.73,3537.24,0.42,0.08,0.25,7.32,16.93,31,613
Swiggy,29153.51,130.67,0.03,0.0,0.11,4.64,18.31,41,591
Zomato,35614.28,3367.5,0.3,0.09,0.35,4.62,21.3,18,560
Upwork,28923.83,7047.1,0.06,0.24,0.5,5.86,16.29,41,548
Swiggy,12084.09,5350.63,0.15,0.44,0.7,6.9,17.41,46,480
Fiverr,29426.52,5898.05,0.41,0.2,0.36,8.1,16.49,23,573
Uber,22337.52,1767.54,0.42,0.08,0.37,7.63,15.46,26,494
Uber,14561.18,3230.37,0.25,0.22,0.29,6.08,21.1,42,477
Fiverr,7473.92,4450.79,0.02,0.6,0.49,7.3,21.49,52,508
Uber,16916.07,9325.21,0.24,0.55,0.31,8.65,19.88,27,486
Swiggy,10991.35,1456.69,0.08,0.13,0.31,7.25,17.57,36,533
Upwork,26088.52,3422.01,0.17,0.13,0.1,5.96,15.2,31,556
Zomato,25233.38,6482.99,0.41,0.26,0.51,7.32,21.71,32,570
Swiggy,33078.67,5032.92,0.35,0.15,0.75,6.6,20.38,32,572
Ola,30825.7,3555.54,0.3,0.12,0.71,9.05,16.19,36,622
Swiggy,-2478.16,5248.28,0.19,5248.28,0.48,5.34,19.85,36,300
Fiverr,19945.35,3578.56,0.2,0.18,0.77,7.54,15.34,46,545
Zomato,36033.52,5650.09,0.34,0.16,0.75,5.49,18.8,30,580
Ola,20145.96,6358.54,0.12,0.32,0.34,6.15,19.58,31,533
Fiverr,32435.91,8118.11,0.28,0.25,0.53,7.16,20.53,38,568
Ola,11147.96,7295.5,0.42,0.65,0.34,4.61,20.47,43,390
Ola,33214.39,8820.66,0.34,0.27,0.24,6.66,15.18,41,594
Uber,28202.46,5627.99,0.14,0.2,0.11,9.93,21.19,40,637
Ola,23806.78,8968.53,0.11,0.38,0.77,5.45,19.99,18,462
Upwork,36495.55,9109.31,0.49,0.25,0.62,6.4,15.17,41,626
Fiverr,38505.55,9077.53,0.4,0.24,0.64,5.76,18.68,47,594
Ola,21847.98,4261.4,0.08,0.2,0.75,6.89,18.37,35,542
Uber,15772.18,3595.69,0.28,0.23,0.11,9.24,17.1,37,499
Ola,21485.88,8328.83,0.03,0.39,0.77,9.27,18.7,28,488
Swiggy,29843.74,0.18,0.44,0.0,0.19,6.25,17.26,37,572
Fiverr,14253.68,3943.35,0.24,0.28,0.68,8.21,19.73,40,465
Swiggy,15664.72,7763.15,0.5,0.5,0.55,6.58,15.19,38,462
Ola,33115.64,6979.07,0.19,0.21,0.49,7.96,18.38,41,624
Fiverr,45376.87,2251.23,0.45,0.05,0.35,7.5,15.9,24,633
Swiggy,29272.07,8374.98,0.07,0.29,0.13,7.25,20.29,35,556
Zomato,31785.37,5125.05,0.13,0.16,0.38,8.39,19.85,23,622
Uber,37550.14,2792.53,0.5,0.07,0.22,8.78,21.63,39,674
Uber,24306.42,5661.22,0.3,0.23,0.21,8.08,19.37,46,563
Swiggy,26752.22,8652.09,0.15,0.32,0.25,7.73,17.0,41,545
Upwork,25668.77,3052.2,0.41,0.12,0.5,8.24,18.88,17,523
Uber,23941.77,9558.7,0.27,0.4,0.38,6.94,15.31,38,511
Zomato,18632.89,5398.09,0.09,0.29,0.64,7.76,15.18,34,509
Ola,41349.06,4881.18,0.31,0.12,0.27,4.14,20.27,60,653
Zomato,16455.07,5629.33,0.33,0.34,0.62,6.6,19.67,18,451
Ola,31175.41,9662.62,0.49,0.31,0.59,7.22,19.97,42,531
Swiggy,36041.34,7520.2,0.39,0.21,0.69,4.68,18.59,35,563
Upwork,22328.2,6864.6,0.23,0.31,0.68,6.67,18.84,35,485
Upwork,12079.64,7920.66,0.45,0.66,0.56,5.3,20.05,28,353
Uber,27120.06,8930.57,0.02,0.33,0.71,8.0,15.7,32,556
Uber,30424.56,1310.33,0.39,0.04,0.54,5.59,21.43,38,568
Uber,29641.16,2888.26,0.35,0.1,0.46,8.86,20.13,40,565
Upwork,17374.58,8408.0,0.49,0.48,0.27,6.59,15.17,21,429
Ola,12025.78,7554.77,0.22,0.63,0.11,4.88,19.79,43,438
Uber,29027.6,9122.11,0.03,0.31,0.08,9.76,18.37,25,609
Zomato,20788.14,2693.78,0.05,0.13,0.62,9.63,21.73,37,524
Ola,28530.52,2950.0,0.04,0.1,0.49,6.53,15.77,35,552
Upwork,29639.27,564.92,0.02,0.02,0.32,3.35,20.3,40,553
Upwork,28314.25,6619.12,0.17,0.23,0.1,7.4,19.03,32,561
Uber,26584.48,2867.65,0.39,0.11,0.5,8.07,17.28,31,571
Zomato,28026.29,4108.49,0.03,0.15,0.65,7.94,15.45,48,624
Swiggy,16055.42,8568.33,0.23,0.53,0.14,4.56,16.5,53,490
Upwork,40540.84,2921.84,0.18,0.07,0.31,3.53,17.94,43,622
Ola,6609.55,9419.47,0.35,1.43,0.54,8.53,21.56,29,422
Zomato,33643.96,5416.46,0.44,0.16,0.24,6.98,15.79,32,570
Upwork,30392.44,7715.23,0.24,0.25,0.06,6.1,20.59,21,541
Swiggy,16464.94,5731.93,0.37,0.35,0.13,9.54,18.24,22,449
Ola,22761.02,6377.53,0.29,0.28,0.38,6.89,16.53,31,474
Swiggy,18144.21,8429.62,0.19,0.46,0.24,2.21,21.17,32,412
Ola,28968.85,352.42,0.41,0.01,0.65,6.86,19.55,52,579
Upwork,40732.04,5235.72,0.33,0.13,0.64,5.64,21.5,45,617
Zomato,20182.72,3972.74,0.45,0.2,0.23,5.61,16.03,34,474
Fiverr,22668.84,26.97,0.23,0.0,0.59,5.72,15.85,37,490
Swiggy,10033.02,717.1,0.02,0.07,0.13,9.41,21.45,29,437
Zomato,18487.42,1297.91,0.46,0.07,0.11,5.56,21.48,39,503
Swiggy,22899.9,4136.48,0.14,0.18,0.45,7.23,15.09,20,531
Zomato,3352.75,657.29,0.35,0.2,0.31,4.89,18.87,46,376
Ola,18089.12,6022.23,0.01,0.33,0.1,6.28,15.28,39,482
Fiverr,13209.76,5828.23,0.45,0.44,0.25,8.44,15.26,47,474
Fiverr,23901.72,6424.66,0.46,0.27,0.28,7.68,17.82,14,506
Ola,27844.61,4469.9,0.35,0.16,0.17,7.4,20.84,31,518
Ola,18340.65,7787.87,0.32,0.42,0.18,4.22,16.64,29,410
Zomato,34084.78,1835.8,0.05,0.05,0.45,6.91,21.89,38,636
Zomato,35660.69,6258.82,0.39,0.18,0.24,7.49,18.74,38,561
Ola,8219.36,9699.44,0.42,1.18,0.24,4.01,15.71,32,405
Upwork,18920.83,5719.92,0.17,0.3,0.06,7.06,17.33,38,546
Uber,19831.02,6988.1,0.29,0.35,0.23,7.21,20.58,39,521
Fiverr,11591.17,435.87,0.41,0.04,0.06,9.63,20.61,24,432
Zomato,-3723.52,2439.83,0.28,2439.83,0.05,6.48,20.02,38,380
Uber,15766.58,2858.95,0.44,0.18,0.51,7.81,16.39,60,483
Uber,35878.77,4125.22,0.27,0.11,0.22,6.83,19.3,45,611
Fiverr,21422.67,5232.18,0.15,0.24,0.37,7.86,16.3,26,534
Upwork,31528.32,9715.34,0.48,0.31,0.26,5.52,15.19,28,534
Swiggy,20947.5,3593.42,0.43,0.17,0.51,7.85,17.9,28,521
Zomato,20532.01,8996.24,0.1,0.44,0.45,4.83,16.17,28,433
Upwork,33754.31,8448.17,0.24,0.25,0.58,9.53,17.06,25,584
Zomato,25132.03,5130.43,0.37,0.2,0.44,7.35,16.03,28,492
Fiverr,31235.34,7466.62,0.26,0.24,0.46,5.39,16.46,46,562
Upwork,25476.15,7204.19,0.15,0.28,0.37,9.22,18.63,31,562
Uber,35123.44,3303.14,0.47,0.09,0.13,5.7,16.49,22,526
Swiggy,35673.72,6231.14,0.29,0.17,0.19,6.8,15.05,40,637
Zomato,12891.15,4734.42,0.22,0.37,0.19,6.57,19.3,57,459
Uber,11403.45,5971.89,0.36,0.52,0.64,5.7,18.7,24,361
Swiggy,19267.01,9605.01,0.43,0.5,0.68,5.81,18.07,22,420
Uber,32936.79,5988.18,0.01,0.18,0.68,6.08,15.22,24,578
Ola,37754.69,5236.52,0.33,0.14,0.54,6.42,17.46,24,585
Upwork,11840.46,7105.49,0.06,0.6,0.45,8.35,21.41,32,434
Upwork,33934.86,3372.21,0.29,0.1,0.62,6.28,15.9,38,635
Swiggy,16860.39,8644.65,0.03,0.51,0.45,6.41,20.08,43,452
Upwork,36487.88,4806.18,0.0,0.13,0.66,5.58,17.05,20,600
Fiverr,22346.05,7948.35,0.12,0.36,0.33,6.21,17.75,36,511
Fiverr,32804.38,8415.89,0.25,0.26,0.21,4.0,15.77,36,506
Swiggy,22393.55,287.57,0.09,0.01,0.72,7.95,17.03,26,497
Upwork,26922.16,1716.06,0.27,0.06,0.54,8.81,17.09,25,572
Swiggy,27167.02,1301.61,0.22,0.05,0.78,5.96,16.28,24,509
Fiverr,23497.9,5967.38,0.37,0.25,0.67,7.08,16.02,40,509
Fiverr,37832.21,9544.48,0.43,0.25,0.36,7.68,15.15,31,597
Fiverr,44845.24,7997.44,0.25,0.18,0.35,3.47,21.64,60,657
Swiggy,17840.1,8278.87,0.31,0.46,0.07,6.78,17.54,20,439
Upwork,26917.73,5817.4,0.26,0.22,0.72,7.44,21.92,43,552
Ola,35162.4,955.47,0.11,0.03,0.36,7.25,21.24,48,685
Ola,22848.93,9925.15,0.41,0.43,0.55,8.67,20.71,36,499
Ola,25673.44,2531.85,0.01,0.1,0.12,6.2,20.31,34,578
Upwork,16422.31,145.32,0.39,0.01,0.47,6.81,20.53,22,452
Uber,2203.16,4043.71,0.2,1.84,0.2,5.91,18.58,38,374
Zomato,21346.74,1254.25,0.29,0.06,0.07,6.08,21.49,25,471
Upwork,15965.46,5737.87,0.45,0.36,0.16,5.04,19.62,38,398
Uber,29535.62,3309.18,0.12,0.11,0.71,8.32,16.85,37,569
Uber,17759.01,3167.87,0.03,0.18,0.79,6.36,17.54,28,471
Fiverr,15712.36,7684.09,0.48,0.49,0.17,7.18,15.56,23,412
Uber,26804.52,785.9,0.08,0.03,0.4,9.27,21.87,38,576
Swiggy,32417.91,6438.3,0.47,0.2,0.55,6.35,18.65,31,549
Swiggy,33674.26,9546.52,0.03,0.28,0.15,6.3,17.03,18,595
Ola,27303.41,496.12,0.09,0.02,0.41,7.65,16.5,51,639
Swiggy,14275.69,1170.87,0.41,0.08,0.16,8.01,17.93,40,438
Upwork,20565.32,2364.87,0.29,0.11,0.33,4.95,18.73,18,463
Uber,35955.09,8400.79,0.36,0.23,0.29,7.38,21.04,30,582
Swiggy,22497.67,8557.56,0.38,0.38,0.29,7.57,20.4,36,473
Fiverr,12622.74,8256.61,0.25,0.65,0.58,9.15,15.49,25,440
Ola,24799.85,172.39,0.03,0.01,0.59,5.46,17.99,24,526
Ola,44702.84,2394.92,0.01,0.05,0.36,7.56,19.8,38,716
Fiverr,28577.16,2394.45,0.28,0.08,0.73,8.63,20.57,33,585
Upwork,35247.3,8638.39,0.49,0.25,0.23,9.19,21.88,39,558
Zomato,20449.91,3108.03,0.12,0.15,0.8,4.71,19.07,33,464
Zomato,-2400.3,848.44,0.41,848.44,0.71,7.61,17.26,44,357
Uber,17221.39,5995.41,0.3,0.35,0.59,6.33,18.69,35,493
Fiverr,21298.18,7629.05,0.01,0.36,0.72,6.17,18.79,33,513
Ola,8920.57,8193.05,0.29,0.92,0.73,7.04,21.74,43,414
Fiverr,36187.49,9595.83,0.06,0.27,0.64,6.98,16.23,24,557
Upwork,14955.67,9757.3,0.18,0.65,0.4,7.39,17.13,43,445
Fiverr,4102.56,8724.01,0.34,2.13,0.12,7.82,19.04,22,347
Swiggy,45828.17,7509.75,0.5,0.16,0.72,6.87,17.38,52,666
Upwork,25720.43,4512.61,0.38,0.18,0.34,8.29,18.17,37,554
Fiverr,45208.38,359.44,0.14,0.01,0.12,7.1,20.38,28,676
Ola,16635.42,7465.45,0.43,0.45,0.45,7.29,19.79,35,496
Upwork,16253.36,3891.16,0.2,0.24,0.12,8.37,19.33,53,541
Fiverr,16602.9,900.27,0.16,0.05,0.08,6.45,15.43,15,434
Zomato,41653.15,8613.41,0.05,0.21,0.64,7.15,18.96,48,663
Uber,25659.88,1905.75,0.04,0.07,0.78,7.01,19.28,35,530
Ola,16367.42,264.93,0.39,0.02,0.61,6.45,18.43,44,461
Swiggy,9829.01,2252.73,0.22,0.23,0.63,6.18,21.47,24,427
Upwork,22242.14,2704.63,0.49,0.12,0.68,4.61,16.8,42,507
Fiverr,36961.24,7817.23,0.13,0.21,0.38,8.73,17.28,25,610
Ola,26479.22,3599.85,0.3,0.14,0.22,7.87,20.79,39,537
Zomato,32693.82,3846.31,0.15,0.12,0.33,7.69,19.14,23,560
Uber,29268.87,3106.3,0.29,0.11,0.27,7.02,17.53,41,599
Upwork,17112.91,7939.51,0.06,0.46,0.29,8.45,20.28,14,543
Uber,32945.18,9351.72,0.09,0.28,0.64,8.51,21.83,26,558
Swiggy,15287.58,2379.37,0.48,0.16,0.45,5.46,19.87,19,464
Upwork,30102.51,4712.5,0.45,0.16,0.52,8.53,20.92,40,568
Swiggy,22813.56,6191.63,0.28,0.27,0.66,10.0,16.49,58,612
Upwork,20021.43,3665.76,0.18,0.18,0.7,9.65,21.88,34,507
Zomato,31308.19,5144.62,0.09,0.16,0.69,7.37,20.99,49,564
Swiggy,23012.44,1285.49,0.42,0.06,0.26,4.68,20.86,12,443
Fiverr,28290.08,7275.44,0.03,0.26,0.4,9.62,18.46,24,580
Uber,19550.25,4393.81,0.3,0.22,0.68,6.89,21.68,40,501
Swiggy,21055.62,9546.77,0.41,0.45,0.29,7.52,15.95,30,453
Fiverr,31971.23,3220.6,0.05,0.1,0.24,6.58,18.5,34,606
Ola,33040.68,8279.88,0.49,0.25,0.21,9.52,19.7,51,558
Upwork,7554.28,83.88,0.02,0.01,0.32,9.7,18.16,43,505
Fiverr,40859.22,8749.68,0.32,0.21,0.47,6.64,17.93,29,606
Swiggy,30007.21,8173.33,0.37,0.27,0.06,5.61,19.75,23,527
Fiverr,26799.37,2546.86,0.21,0.1,0.52,8.49,17.84,30,593
Upwork,10251.54,551.89,0.02,0.05,0.49,10.0,20.3,33,498
Swiggy,14843.99,6353.49,0.4,0.43,0.28,7.32,19.33,41,452
Zomato,20514.66,666.73,0.42,0.03,0.28,7.21,18.85,37,508
Swiggy,23231.7,856.16,0.01,0.04,0.3,7.8,15.74,32,568
Fiverr,35396.04,7986.07,0.38,0.23,0.39,7.9,21.88,35,577
Ola,14233.75,2923.68,0.31,0.21,0.46,7.9,18.21,30,466
Uber,40341.51,665.76,0.37,0.02,0.25,4.95,18.49,27,583
Zomato,19149.84,1605.56,0.18,0.08,0.47,6.5,20.44,38,461
Uber,32605.17,1312.15,0.07,0.04,0.71,8.28,19.72,38,630
Swiggy,18206.67,8837.59,0.04,0.49,0.48,7.87,21.52,31,486
Uber,24681.59,1965.52,0.25,0.08,0.75,5.58,19.91,10,510
Ola,35678.93,9218.98,0.42,0.26,0.75,8.31,19.95,32,607
Ola,23522.9,3502.84,0.19,0.15,0.77,6.29,21.41,26,493
Zomato,35999.22,7711.39,0.16,0.21,0.26,6.51,15.05,12,593
Ola,20044.81,4966.69,0.3,0.25,0.7,8.13,18.56,29,527
Upwork,17669.46,8151.01,0.47,0.46,0.13,7.26,19.34,22,461
Uber,26426.53,4929.61,0.28,0.19,0.74,9.31,19.68,43,595
Uber,33383.11,9787.82,0.42,0.29,0.58,7.1,20.08,30,573
Ola,18449.57,519.96,0.16,0.03,0.79,5.08,19.31,34,507
Ola,39704.84,9750.46,0.32,0.25,0.41,7.63,17.62,25,571
Uber,22442.48,6693.04,0.12,0.3,0.18,7.78,19.49,36,508
Fiverr,19918.41,6398.12,0.35,0.32,0.34,5.74,17.89,39,505
Zomato,27370.12,8968.61,0.33,0.33,0.42,9.69,19.48,25,550
Fiverr,24542.35,3057.38,0.04,0.12,0.79,7.31,17.03,25,530
Upwork,24337.42,9765.1,0.36,0.4,0.65,9.92,20.02,43,528
Ola,34142.01,1299.32,0.08,0.04,0.55,6.02,16.52,36,576
Swiggy,23967.63,6023.16,0.3,0.25,0.58,9.44,19.51,53,579
Swiggy,17931.16,243.65,0.25,0.01,0.16,3.92,16.43,22,436
Ola,30478.78,7845.41,0.3,0.26,0.47,8.77,18.82,26,541
Zomato,17188.75,7176.34,0.29,0.42,0.7,9.17,19.74,30,465
Ola,35372.68,7154.41,0.01,0.2,0.19,5.07,19.49,46,594
Swiggy,11842.43,598.71,0.17,0.05,0.66,6.11,20.17,26,439
Uber,36137.84,7760.05,0.48,0.21,0.78,6.51,18.97,39,527
Upwork,21008.09,1482.81,0.05,0.07,0.68,8.52,21.81,12,500
Upwork,30858.77,9223.85,0.1,0.3,0.5,7.71,17.91,30,567
Zomato,15544.46,4072.69,0.28,0.26,0.11,3.41,18.61,18,365
Fiverr,4576.0,7866.82,0.26,1.72,0.36,10.0,21.38,27,376
Ola,29123.23,4812.5,0.39,0.17,0.72,6.05,19.46,43,551
Upwork,26422.1,4125.93,0.24,0.16,0.17,7.78,16.85,19,508
Swiggy,20439.34,3347.66,0.3,0.16,0.31,5.16,19.24,28,469
Ola,-17909.33,7218.99,0.34,7218.99,0.1,8.4,20.63,21,300
Zomato,27501.22,4844.68,0.45,0.18,0.66,7.26,15.78,39,526
Uber,22904.34,3410.83,0.18,0.15,0.79,8.98,20.18,24,565
Zomato,35856.75,4276.42,0.09,0.12,0.73,6.84,15.53,29,627
Swiggy,22290.9,73.16,0.29,0.0,0.58,3.96,20.6,40,498
Ola,26643.23,2657.69,0.42,0.1,0.61,10.0,21.2,33,555
Uber,33064.18,1623.32,0.46,0.05,0.24,6.03,16.57,46,593
Zomato,16652.59,673.62,0.15,0.04,0.2,5.99,17.25,31,519
Fiverr,23769.18,126.83,0.14,0.01,0.34,7.38,15.99,31,510
Upwork,27792.2,2208.79,0.4,0.08,0.6,8.05,15.57,50,586
Zomato,34575.51,2171.81,0.32,0.06,0.62,6.43,15.64,41,604
Swiggy,31910.1,3299.98,0.13,0.1,0.28,6.36,15.96,34,588
Upwork,31733.4,450.7,0.27,0.01,0.76,4.88,18.3,46,563
Upwork,24446.82,124.75,0.2,0.01,0.7,8.23,20.16,25,541
Ola,31203.17,3901.05,0.46,0.13,0.06,3.92,18.01,32,530
Ola,26775.56,1176.73,0.49,0.04,0.07,9.67,18.98,55,590
Ola,38727.1,3351.0,0.15,0.09,0.26,8.93,16.95,29,638
Upwork,16315.19,7576.94,0.47,0.46,0.21,7.33,16.57,34,460
Zomato,39827.74,3422.28,0.17,0.09,0.72,9.75,17.29,36,685
Upwork,24571.98,6236.28,0.25,0.25,0.78,8.36,20.86,25,542
Upwork,33802.3,2952.8,0.41,0.09,0.31,4.35,20.51,24,547
Swiggy,37014.57,4896.07,0.38,0.13,0.66,8.03,21.91,35,603
Zomato,44984.64,4656.29,0.27,0.1,0.07,5.98,16.52,17,653
Zomato,38535.68,8150.13,0.47,0.21,0.56,5.73,20.69,36,605
Fiverr,17049.07,6669.39,0.43,0.39,0.18,9.25,18.3,46,502
Zomato,18269.35,3923.45,0.39,0.21,0.65,5.9,16.22,34,447
Uber,17909.18,4366.5,0.22,0.24,0.29,7.81,21.72,29,438
Ola,23176.31,9879.42,0.16,0.43,0.52,9.26,15.1,48,558
Ola,24997.0,7950.25,0.38,0.32,0.61,6.49,19.89,55,507
Fiverr,40682.88,9547.07,0.38,0.23,0.72,5.88,19.79,44,618
Swiggy,25622.14,947.62,0.49,0.04,0.23,8.53,20.14,31,543
Upwork,20741.44,9487.14,0.23,0.46,0.1,4.43,21.09,22,453
Upwork,20681.42,6597.53,0.31,0.32,0.6,7.41,15.23,51,511
Swiggy,37984.53,8969.77,0.36,0.24,0.35,9.58,20.69,27,634
Ola,14381.56,3067.46,0.43,0.21,0.47,4.74,21.41,21,413
Upwork,35467.69,214.11,0.45,0.01,0.65,9.14,21.5,22,599
Fiverr,12308.63,9689.15,0.32,0.79,0.7,8.2,18.32,41,420
Upwork,25420.25,8173.08,0.5,0.32,0.22,6.49,16.78,37,462
Upwork,31549.61,6377.92,0.29,0.2,0.65,8.89,17.31,24,560
Fiverr,6682.64,8887.35,0.11,1.33,0.42,8.38,16.19,36,441
Upwork,38646.81,8614.93,0.29,0.22,0.33,9.31,17.49,46,629
Upwork,34097.42,3707.11,0.13,0.11,0.7,9.99,21.37,49,706
Ola,26979.97,4148.6,0.03,0.15,0.59,4.46,20.14,30,526
Fiverr,15777.78,2124.21,0.46,0.13,0.6,7.24,15.03,22,460
Fiverr,37434.47,5597.26,0.41,0.15,0.51,7.1,21.87,22,565
Ola,17548.01,5660.65,0.26,0.32,0.1,7.01,20.61,45,408
Uber,41320.64,4084.08,0.3,0.1,0.52,5.91,19.1,37,647
Zomato,-984.22,8750.08,0.44,8750.08,0.11,5.54,19.53,30,300
Upwork,23641.6,2335.78,0.49,0.1,0.55,4.09,16.5,48,488
Uber,32093.62,2498.41,0.09,0.08,0.57,7.63,20.21,54,638
Uber,14900.12,1427.87,0.05,0.1,0.48,7.48,16.58,26,477
Upwork,39243.7,5856.26,0.05,0.15,0.29,6.26,16.54,13,618
Ola,29767.8,9325.04,0.25,0.31,0.37,5.74,20.03,28,497
Upwork,20750.45,8745.96,0.42,0.42,0.42,5.67,19.8,35,429
Zomato,37095.85,9779.79,0.1,0.26,0.31,7.83,17.31,36,593
Zomato,35580.13,3102.51,0.06,0.09,0.24,6.34,17.36,34,591
Swiggy,21520.71,3204.91,0.09,0.15,0.73,6.78,21.37,40,547
Fiverr,20999.63,3851.53,0.06,0.18,0.35,6.58,17.61,29,548
Upwork,19804.32,8301.71,0.21,0.42,0.08,7.87,21.62,49,528
Zomato,27624.89,1986.52,0.46,0.07,0.35,7.15,21.51,31,520
Upwork,15330.73,1811.99,0.28,0.12,0.62,6.82,18.29,16,435
Zomato,21952.0,9291.26,0.37,0.42,0.67,5.87,18.54,54,480
Uber,29644.03,7614.37,0.21,0.26,0.14,8.12,20.1,49,621
Ola,25447.25,7863.03,0.0,0.31,0.43,7.19,21.48,52,562
Zomato,5378.39,9670.01,0.09,1.8,0.08,5.75,15.79,21,355
Swiggy,6738.55,8516.52,0.1,1.26,0.28,7.85,17.09,47,429
Uber,14910.19,4579.74,0.01,0.31,0.41,5.62,21.14,29,435
Ola,19716.65,986.37,0.09,0.05,0.07,5.79,19.7,47,507
Uber,44941.93,6916.3,0.3,0.15,0.62,7.73,16.06,28,645
Swiggy,17941.76,5615.59,0.36,0.31,0.07,7.38,18.4,49,474
Zomato,16737.47,9575.41,0.5,0.57,0.56,6.28,18.79,31,430
Ola,28944.63,8690.78,0.07,0.3,0.18,7.31,16.14,28,573
Fiverr,15785.77,6263.52,0.14,0.4,0.4,6.65,19.36,27,413
Uber,32126.32,6018.12,0.22,0.19,0.54,8.02,16.23,21,556
Swiggy,35419.55,1760.69,0.39,0.05,0.78,10.0,15.99,30,611
Upwork,26285.27,3901.92,0.39,0.15,0.48,6.96,16.37,28,500
Fiverr,37116.61,8225.57,0.39,0.22,0.3,8.82,19.16,32,650
Swiggy,13038.52,8670.71,0.45,0.67,0.42,6.63,21.31,43,442
Ola,27232.81,208.02,0.13,0.01,0.69,8.9,21.32,40,545
Upwork,43139.16,7219.95,0.38,0.17,0.74,8.32,15.65,22,651
Uber,26352.46,5416.41,0.04,0.21,0.22,5.29,19.66,46,519
Upwork,32952.08,673.18,0.19,0.02,0.12,9.56,16.96,28,626
Fiverr,49150.67,9096.18,0.45,0.19,0.48,5.25,19.85,33,656
Uber,39137.34,4051.14,0.36,0.1,0.75,6.32,19.06,42,589
Zomato,26713.1,3260.02,0.06,0.12,0.37,4.89,21.58,55,536
Ola,24715.69,2999.24,0.41,0.12,0.62,5.4,16.57,45,525
Uber,35334.75,4192.5,0.3,0.12,0.46,6.49,17.16,50,658
Uber,30952.28,5099.2,0.36,0.16,0.43,6.82,18.4,28,501
Upwork,24561.87,6773.84,0.29,0.28,0.63,4.53,17.3,45,484
Swiggy,52668.91,1576.78,0.36,0.03,0.13,6.04,20.3,37,739
Uber,23493.55,1843.22,0.07,0.08,0.22,6.41,21.39,25,497
Fiverr,27297.71,2692.65,0.27,0.1,0.78,6.7,15.49,31,564
Upwork,34533.6,277.93,0.18,0.01,0.08,5.38,16.51,36,611
Upwork,25206.8,1210.81,0.07,0.05,0.32,7.95,18.76,34,567
Swiggy,35311.51,6449.95,0.4,0.18,0.39,4.9,16.97,41,577
Swiggy,20459.76,2433.66,0.03,0.12,0.79,8.6,17.22,37,541
Swiggy,12868.21,6191.75,0.44,0.48,0.19,7.8,20.2,49,449
Upwork,33276.64,5271.8,0.18,0.16,0.4,7.84,16.62,43,568
Swiggy,24020.8,9140.79,0.37,0.38,0.33,5.79,18.66,35,464
Uber,34225.83,2553.84,0.02,0.07,0.75,8.66,19.71,35,651
Ola,40807.55,6037.23,0.2,0.15,0.26,7.23,18.3,41,635
Swiggy,21704.44,9112.15,0.29,0.42,0.65,6.19,18.45,47,515
Swiggy,20162.1,8217.92,0.31,0.41,0.32,7.57,15.52,23,494
Uber,32099.87,2530.17,0.38,0.08,0.38,6.24,16.96,36,554
Swiggy,30963.56,2350.44,0.28,0.08,0.49,6.92,20.3,39,603
Zomato,31313.08,4805.15,0.1,0.15,0.19,7.76,20.55,26,633
Ola,22591.21,8895.98,0.38,0.39,0.78,9.9,15.54,36,530
Ola,34027.47,5911.56,0.19,0.17,0.26,7.94,19.02,44,633
Upwork,-3899.32,782.44,0.23,782.44,0.7,5.8,15.46,23,335
Ola,20706.01,5443.01,0.44,0.26,0.58,6.21,18.96,35,443
Upwork,36451.29,1513.18,0.13,0.04,0.66,7.22,16.28,24,620
Fiverr,22903.57,1209.51,0.2,0.05,0.09,6.88,17.29,27,515
Upwork,27862.45,3701.39,0.03,0.13,0.66,7.93,17.12,31,573
Upwork,29093.12,5854.48,0.18,0.2,0.53,8.54,20.75,12,548
Zomato,20868.87,808.07,0.11,0.04,0.31,6.09,18.52,36,526
Swiggy,17069.2,1467.38,0.41,0.09,0.43,8.35,20.99,29,488
Ola,26212.91,3784.1,0.01,0.14,0.56,9.4,21.56,45,621
Zomato,33611.99,820.81,0.16,0.02,0.78,10.0,18.28,10,611
Upwork,18663.07,4607.65,0.24,0.25,0.61,4.62,17.72,41,474
Zomato,19720.71,3823.09,0.37,0.19,0.26,6.2,19.01,29,477
Swiggy,22734.74,79.09,0.3,0.0,0.18,7.48,21.77,37,538
Fiverr,-2083.01,3475.55,0.23,3475.55,0.48,6.97,20.68,39,343
Upwork,14397.38,9790.69,0.14,0.68,0.73,7.09,21.72,37,484
Zomato,12209.97,2666.44,0.4,0.22,0.19,6.88,19.52,41,463
Upwork,35206.17,751.02,0.49,0.02,0.78,7.57,17.01,37,604
Upwork,29160.32,8095.02,0.16,0.28,0.32,6.51,18.95,40,615
Upwork,21613.19,4318.13,0.14,0.2,0.56,7.62,20.43,41,580
Zomato,11540.85,1623.68,0.12,0.14,0.24,5.34,17.03,42,416
Zomato,16152.73,4922.33,0.48,0.3,0.59,6.05,18.82,43,388
Ola,28281.09,3616.07,0.13,0.13,0.14,7.22,21.05,32,583
Uber,47064.64,8403.52,0.21,0.18,0.77,6.9,21.71,34,649
Fiverr,31184.58,1237.17,0.06,0.04,0.18,5.17,16.84,42,598
Uber,23526.12,5791.29,0.09,0.25,0.4,3.78,21.78,25,481
Ola,34198.49,8898.3,0.11,0.26,0.72,8.76,19.41,33,559
Zomato,21482.94,8580.57,0.34,0.4,0.78,8.23,17.23,39,521
Uber,13620.85,5054.79,0.26,0.37,0.67,7.95,19.4,41,438
Uber,40016.19,5768.04,0.14,0.14,0.77,8.02,17.12,35,663
Swiggy,40164.94,1016.16,0.24,0.03,0.29,7.1,15.45,36,662
Ola,37150.45,2681.21,0.03,0.07,0.76,9.45,15.92,31,638
Upwork,16315.77,6336.85,0.37,0.39,0.45,6.92,17.57,48,468
Zomato,26623.3,4621.61,0.07,0.17,0.14,4.8,20.35,44,549
Swiggy,32107.28,1574.78,0.08,0.05,0.38,6.3,16.04,32,624
Fiverr,19564.33,511.64,0.29,0.03,0.19,7.02,19.09,33,464
Fiverr,34725.94,6733.6,0.48,0.19,0.73,7.43,16.35,28,604
Ola,20643.55,588.78,0.37,0.03,0.49,6.68,17.09,42,462
Zomato,16836.13,6852.45,0.04,0.41,0.64,6.62,18.57,35,496
Upwork,14467.3,1039.2,0.29,0.07,0.3,6.13,15.02,40,475
Swiggy,25953.71,4270.48,0.13,0.16,0.51,6.17,17.94,48,563
Upwork,22590.77,4520.3,0.36,0.2,0.17,8.53,18.21,31,482
Zomato,24314.15,3488.02,0.5,0.14,0.79,9.28,19.81,33,506
Fiverr,27131.64,7257.53,0.43,0.27,0.8,7.51,18.06,41,554
Zomato,45127.63,3389.82,0.47,0.08,0.77,5.48,20.63,42,666
Swiggy,19074.05,6974.72,0.42,0.37,0.31,5.09,18.31,35,444
Zomato,19584.51,9957.51,0.17,0.51,0.51,6.25,21.32,34,502
Zomato,27113.35,689.61,0.09,0.03,0.12,7.77,20.24,48,587
Uber,7646.21,1575.27,0.33,0.21,0.08,5.57,18.91,42,383
Uber,24483.54,5660.37,0.23,0.23,0.17,7.81,21.29,18,524
Upwork,24130.14,8739.42,0.05,0.36,0.15,8.76,15.98,12,545
Uber,31355.49,42.22,0.02,0.0,0.16,6.83,16.39,29,633
Upwork,19562.02,1842.93,0.16,0.09,0.28,6.99,17.67,42,462
Ola,21873.89,5595.42,0.01,0.26,0.12,8.14,16.69,42,542
Zomato,22632.51,4499.26,0.34,0.2,0.62,7.5,20.78,27,513
Fiverr,25256.0,7328.28,0.16,0.29,0.48,6.76,19.35,32,526
Ola,13828.02,5574.51,0.42,0.4,0.69,5.47,19.66,52,477
Fiverr,29833.95,9582.15,0.01,0.32,0.35,7.28,20.88,53,596
Ola,9277.71,2549.97,0.19,0.27,0.48,4.54,15.87,19,374
Zomato,31335.53,4921.17,0.22,0.16,0.76,6.28,15.42,13,532
Upwork,30044.25,3498.8,0.34,0.12,0.78,8.41,21.69,30,550
Swiggy,26941.11,7235.32,0.28,0.27,0.07,5.43,19.97,32,516
Fiverr,22458.1,1578.17,0.37,0.07,0.7,5.76,19.56,31,507
Ola,35037.64,3898.32,0.4,0.11,0.38,7.57,17.32,23,600
Zomato,33404.63,8809.83,0.16,0.26,0.18,6.26,21.68,48,682
Ola,20998.34,382.25,0.38,0.02,0.19,10.0,16.73,23,486
Uber,22691.73,1758.37,0.38,0.08,0.3,6.76,21.62,37,547
Upwork,11111.41,9297.95,0.25,0.84,0.16,8.35,19.44,44,472
Fiverr,25379.94,6803.18,0.29,0.27,0.2,8.08,17.22,35,560
Fiverr,18492.19,5432.8,0.27,0.29,0.34,6.6,18.6,32,454
Swiggy,19122.34,9809.95,0.14,0.51,0.26,7.1,20.85,29,481
Upwork,36309.1,4125.29,0.28,0.11,0.36,7.0,19.19,26,595
Swiggy,31743.4,7363.05,0.24,0.23,0.09,8.8,21.76,36,518
Uber,18429.97,6839.43,0.3,0.37,0.5,6.6,20.33,33,436
Zomato,38667.72,445.68,0.15,0.01,0.45,6.9,17.05,23,635
Uber,39500.03,3695.86,0.08,0.09,0.25,5.77,19.96,48,661
Fiverr,42684.95,6747.15,0.22,0.16,0.23,8.52,20.9,37,621
Zomato,32839.2,7968.14,0.05,0.24,0.53,8.52,20.07,45,610
Fiverr,18145.11,8699.41,0.04,0.48,0.72,5.39,17.78,55,476
Upwork,7466.48,2793.65,0.08,0.37,0.54,7.92,16.17,37,421
Zomato,17535.64,8685.86,0.34,0.5,0.16,7.25,15.26,42,440
Upwork,33839.79,4289.72,0.39,0.13,0.23,7.51,21.62,32,575
Fiverr,36750.67,4756.2,0.41,0.13,0.22,7.53,21.98,44,655
Upwork,8957.34,4636.45,0.26,0.52,0.58,6.78,20.88,12,353
Zomato,9444.12,5720.24,0.31,0.61,0.48,8.8,21.01,22,468
Uber,20481.95,9676.41,0.42,0.47,0.45,7.72,17.3,29,481
Uber,16253.08,678.45,0.45,0.04,0.28,5.44,20.06,33,449
Upwork,43490.03,7490.37,0.15,0.17,0.13,5.84,19.34,45,673
Ola,35234.48,5612.72,0.44,0.16,0.71,6.55,15.73,20,564
Swiggy,15506.69,3900.15,0.19,0.25,0.79,6.63,17.07,43,463
Swiggy,30203.56,3830.5,0.13,0.13,0.23,6.52,21.53,31,604
Swiggy,26702.57,7821.17,0.06,0.29,0.63,7.45,15.66,39,570
Zomato,21633.4,1776.87,0.39,0.08,0.37,9.19,21.85,33,525
Zomato,19015.47,8476.75,0.03,0.45,0.62,5.8,18.71,48,489
Uber,23122.67,5617.79,0.21,0.24,0.43,6.58,21.23,29,547
Uber,20866.4,7915.97,0.07,0.38,0.46,7.43,18.96,49,489
Ola,33639.51,6849.57,0.47,0.2,0.31,5.84,16.88,35,495
Zomato,18181.65,3421.67,0.15,0.19,0.18,5.2,21.32,19,475
Zomato,17039.27,1201.16,0.17,0.07,0.77,8.92,15.26,22,504
Swiggy,39383.49,4610.37,0.29,0.12,0.2,6.5,19.66,28,647
Zomato,43642.93,5569.79,0.33,0.13,0.54,6.83,21.9,37,657
Swiggy,9032.86,6834.64,0.28,0.76,0.79,8.47,17.89,50,437
Uber,23805.39,1274.59,0.5,0.05,0.32,7.7,17.97,26,543
Swiggy,27445.98,3556.51,0.09,0.13,0.27,4.21,15.29,21,501
Ola,24568.73,6317.92,0.12,0.26,0.18,7.57,16.53,47,575
Zomato,23301.94,4330.13,0.43,0.19,0.25,6.29,17.4,16,494
Fiverr,32157.49,1180.75,0.33,0.04,0.62,6.15,21.3,25,526
Fiverr,14455.74,4580.05,0.47,0.32,0.49,8.72,21.35,23,397
Ola,27946.04,7145.79,0.47,0.26,0.1,6.43,18.01,49,559
Zomato,25805.3,6267.38,0.45,0.24,0.31,6.64,17.69,25,543
Fiverr,39913.94,8248.12,0.26,0.21,0.78,7.41,15.36,36,604
Zomato,16279.61,1822.76,0.31,0.11,0.07,7.86,17.71,25,468
Fiverr,39675.63,7682.09,0.33,0.19,0.6,7.04,15.89,29,583
Ola,35838.8,4536.48,0.3,0.13,0.07,6.21,20.58,37,563
Fiverr,21599.72,415.2,0.47,0.02,0.7,9.58,16.49,21,569
Fiverr,29997.84,200.29,0.43,0.01,0.5,4.62,16.87,30,538
Zomato,15887.32,9330.21,0.39,0.59,0.56,5.65,18.71,28,416
Fiverr,29353.88,2103.25,0.21,0.07,0.35,8.77,17.51,29,561
Upwork,13988.13,4117.24,0.04,0.29,0.54,8.38,16.76,30,478
Uber,23720.88,5638.84,0.06,0.24,0.25,7.18,16.87,35,547
Swiggy,32927.24,7794.24,0.04,0.24,0.58,7.95,16.55,44,647
Swiggy,27403.94,4272.08,0.15,0.16,0.33,10.0,20.64,44,589
Upwork,5421.02,2588.26,0.11,0.48,0.45,8.4,16.53,54,452
Ola,25880.8,8180.38,0.39,0.32,0.41,7.08,19.89,28,483
Upwork,13443.93,1797.46,0.31,0.13,0.49,3.77,16.35,35,415
Zomato,27525.15,4129.8,0.43,0.15,0.3,6.62,17.63,28,527
Uber,45900.59,9808.22,0.16,0.21,0.34,6.89,18.14,30,617
Fiverr,42135.16,5302.85,0.3,0.13,0.8,6.01,17.69,35,606
Ola,23691.45,4622.39,0.2,0.2,0.25,7.54,17.91,56,597
Uber,26280.72,3955.84,0.33,0.15,0.37,6.21,21.11,53,520
Zomato,13938.46,2216.26,0.47,0.16,0.15,7.29,15.45,42,492
Ola,17020.48,239.14,0.49,0.01,0.08,4.08,19.94,36,400
Ola,47963.93,9259.06,0.18,0.19,0.36,6.87,20.75,32,715
Fiverr,19972.87,796.17,0.47,0.04,0.8,8.51,20.05,24,509
Uber,39374.0,9576.25,0.12,0.24,0.79,7.42,18.85,52,670
Uber,29221.58,6300.08,0.33,0.22,0.19,4.87,20.35,21,485
Zomato,16337.21,2748.73,0.22,0.17,0.29,8.66,20.57,42,485
Swiggy,27709.15,8678.33,0.12,0.31,0.14,8.04,18.68,34,531
Fiverr,24477.6,2372.17,0.49,0.1,0.32,3.66,16.3,35,456
Upwork,12993.16,2628.12,0.27,0.2,0.27,5.89,16.11,38,481
Ola,1445.29,475.03,0.07,0.33,0.67,10.0,21.22,31,424
Zomato,23217.09,7419.38,0.43,0.32,0.7,7.36,19.36,49,524
Swiggy,22436.06,4034.5,0.04,0.18,0.42,8.23,19.42,40,544
Zomato,33708.8,8572.26,0.08,0.25,0.76,8.42,15.86,50,602
Upwork,30983.69,8844.2,0.08,0.29,0.08,6.12,20.81,42,613
Uber,27653.15,6014.85,0.08,0.22,0.71,7.55,15.52,36,576
Zomato,21869.66,7205.42,0.47,0.33,0.71,10.0,19.38,19,526
Ola,22450.16,9727.46,0.13,0.43,0.68,7.42,21.97,30,461
Zomato,15404.24,4411.86,0.18,0.29,0.07,7.75,15.08,47,466
Swiggy,18770.57,9403.88,0.35,0.5,0.42,6.05,16.88,48,455
Upwork,19677.45,6356.5,0.42,0.32,0.76,4.91,15.74,39,505
Fiverr,24076.38,9521.5,0.36,0.4,0.79,8.02,18.77,35,535
Upwork,21917.4,7642.72,0.09,0.35,0.68,8.1,17.64,41,521
Ola,24088.71,8120.0,0.31,0.34,0.44,5.23,19.22,37,519
Upwork,15325.51,9232.51,0.46,0.6,0.76,8.9,16.55,45,485
Uber,32424.85,6840.15,0.11,0.21,0.37,5.08,21.11,26,535
Ola,23181.23,8084.85,0.21,0.35,0.76,7.14,17.1,26,481
Upwork,31269.55,4789.12,0.49,0.15,0.12,9.77,21.69,45,593
Zomato,37131.31,6522.14,0.11,0.18,0.57,8.44,15.35,45,588
Fiverr,25054.34,521.83,0.36,0.02,0.73,7.82,19.5,41,546
Swiggy,43303.38,9478.65,0.42,0.22,0.44,7.58,16.51,45,622
Upwork,21272.51,3570.44,0.07,0.17,0.1,8.83,19.78,54,565
Upwork,26160.57,932.98,0.18,0.04,0.5,7.57,18.59,29,536
Ola,15472.58,1693.9,0.27,0.11,0.62,4.69,16.83,49,528
Swiggy,22869.8,5616.42,0.1,0.25,0.42,6.11,18.25,34,517
Swiggy,30725.21,5028.24,0.33,0.16,0.15,6.63,18.67,40,583
Ola,27605.29,4794.7,0.03,0.17,0.21,8.36,21.43,27,568
Fiverr,19461.16,3508.61,0.29,0.18,0.42,6.29,20.57,33,486
Fiverr,14523.22,5678.71,0.19,0.39,0.05,6.31,17.39,50,464
Upwork,10675.37,8551.25,0.2,0.8,0.65,9.32,15.2,44,467
Upwork,25361.57,8855.25,0.48,0.35,0.06,6.78,18.29,36,514
Swiggy,7687.35,4292.12,0.14,0.56,0.47,7.73,19.04,40,419
Ola,24616.26,8308.4,0.44,0.34,0.69,8.97,18.0,38,488
Zomato,20779.26,1848.44,0.13,0.09,0.2,6.07,19.1,32,503
Zomato,28717.82,4518.3,0.4,0.16,0.72,6.41,20.4,45,576
Zomato,4591.81,2836.87,0.2,0.62,0.43,6.0,18.93,46,384
Zomato,45438.95,1195.54,0.31,0.03,0.13,7.74,17.9,28,700
Fiverr,16373.42,6578.37,0.2,0.4,0.24,7.62,21.04,39,443
Fiverr,5951.39,4688.82,0.12,0.79,0.12,6.75,22.0,20,413
Ola,38808.35,7488.41,0.06,0.19,0.65,5.45,17.65,18,582
Swiggy,44676.23,4460.78,0.46,0.1,0.32,7.41,20.47,37,650
Fiverr,19385.84,4355.41,0.2,0.22,0.35,9.48,20.15,36,477
Uber,26948.13,6277.51,0.21,0.23,0.5,4.61,16.67,39,530
Zomato,30182.38,7367.53,0.18,0.24,0.11,7.54,18.4,43,580
Fiverr,26392.76,680.14,0.18,0.03,0.52,4.5,21.09,38,491
Zomato,25710.14,9297.16,0.19,0.36,0.69,6.21,17.66,46,507
Swiggy,21983.08,4509.98,0.35,0.21,0.57,8.63,16.11,18,466
Upwork,41943.66,3633.51,0.03,0.09,0.47,9.08,17.39,22,678
Swiggy,22808.55,3910.18,0.24,0.17,0.17,6.51,17.72,30,489
Upwork,27500.03,6425.05,0.13,0.23,0.59,8.5,15.1,25,552
Uber,27752.39,2491.56,0.48,0.09,0.71,7.81,19.43,13,572
Ola,19106.31,6440.79,0.29,0.34,0.23,9.55,16.3,35,515
Fiverr,10116.02,4321.2,0.14,0.43,0.14,6.81,19.26,32,434
Ola,19360.14,8395.52,0.33,0.43,0.46,8.77,20.0,39,506
Zomato,21334.38,6358.32,0.39,0.3,0.33,5.2,15.76,25,459
Zomato,15485.56,5645.5,0.49,0.36,0.45,8.69,18.07,44,487
Uber,19693.29,7817.16,0.47,0.4,0.29,8.17,19.73,44,512
Swiggy,29180.87,4248.61,0.18,0.15,0.77,7.17,17.53,34,556
